{"cameraMode":{"drawMode":0,"name":"Shaded","section":"Shading Mode"},"sceneLighting":true,"audioPlay":false,"sceneViewState":{"showFog":true,"showMaterialUpdate":false,"showSkybox":true,"showFlares":true,"showImageEffects":true,"showParticleSystems":true},"in2DMode":false,"pivot":{"x":-0.3124735355377197,"y":5.913605690002441,"z":181.04254150390626},"rotation":{"x":-0.1297798901796341,"y":-0.061433181166648868,"z":0.008056027814745903,"w":-0.9896051287651062},"size":10.947200775146485,"orthographic":false}